{
  "accuracy": 0.32,
  "f1": 0.15515151515151515,
  "roc_auc": 0.5,
  "saved_at": "2026-03-20T15:57:18.531366"
}